排名,搜索词,搜索人气,点击率,支付转化率
1,浴缸,5000 ~ 1万,56%,1% ~ 2.5%
2,浴缸国家补贴,300 ~ 600,46%,0% ~ 1%
3,浴缸家用小户型,300 ~ 600,54%,0% ~ 1%
4,浴缸家用成人,150 ~ 300,50%,5% ~ 7.5%
5,toto浴缸,150 ~ 300,60%,-
6,小浴缸,150 ~ 300,35%,-
7,泡澡浴缸,150 ~ 300,67%,2.5% ~ 5%
8,浴缸家用,150 ~ 300,47%,1% ~ 2.5%
9,家用浴缸,150 ~ 300,76%,5% ~ 7.5%
10,科勒浴缸,150 ~ 300,70%,1% ~ 2.5%
11,亚克力浴缸,150 ~ 300,91%,1% ~ 2.5%
12,浪鲸卫浴官方旗舰店正品,50 ~ 150,173%,2.5% ~ 5%
13,浴缸双人情趣,50 ~ 150,21%,-
14,浴缸小户型,50 ~ 150,56%,1% ~ 2.5%
15,九牧浴缸,50 ~ 150,105%,1% ~ 2.5%
16,浴缸小户型家用,50 ~ 150,60%,-
17,可移动小浴缸,50 ~ 150,46%,2.5% ~ 5%
18,箭牌浴缸,50 ~ 150,103%,1% ~ 2.5%
19,小户型浴缸,50 ~ 150,68%,2.5% ~ 5%
20,浪鲸浴缸,50 ~ 150,71%,-
21,深泡浴缸,50 ~ 150,70%,1% ~ 2.5%
22,步入式浴缸,50 ~ 150,35%,-
23,日式浴缸,50 ~ 150,68%,-
24,嵌入式浴缸,50 ~ 150,74%,-
25,双人浴缸,50 ~ 150,52%,-
26,新型泡澡浴缸,50 ~ 150,52%,10% ~ 15%
27,人造石浴缸,50 ~ 150,130%,-
28,浴缸亚克力,50 ~ 150,77%,-
29,陶瓷浴缸,50 ~ 150,57%,-
30,迷你浴缸,50 ~ 150,51%,-
31,浴缸2026新款,50 ~ 150,40%,-
32,圆形浴缸,50 ~ 150,67%,2.5% ~ 5%
33,toto深泡浴缸,50 ~ 150,60%,-
34,浴缸陶瓷一体,50 ~ 150,30%,-
35,恒洁浴缸,20 ~ 50,55%,-
36,坐式浴缸,20 ~ 50,61%,2.5% ~ 5%
37,家用小型浴缸,20 ~ 50,49%,-
38,小户型浴缸家用,20 ~ 50,32%,-
39,小米智能浴缸,20 ~ 50,35%,-
40,定制浴缸,20 ~ 50,99%,-
41,方形浴缸,20 ~ 50,42%,-
42,特拉维尔浴缸,20 ~ 50,166%,-
43,铸铁浴缸,20 ~ 50,102%,-
44,扇形浴缸,20 ~ 50,76%,-
45,浴缸嵌入式,20 ~ 50,41%,-
46,新型浴缸,20 ~ 50,62%,-
47,浴缸toto,20 ~ 50,22%,-
48,深泡缸,20 ~ 50,78%,-
49,浴缸定制,20 ~ 50,107%,-
50,浴缸人造石,20 ~ 50,177%,2.5% ~ 5%
51,ssww,20 ~ 50,102%,-
52,独立浴缸,20 ~ 50,114%,5% ~ 7.5%
53,日式小浴缸,20 ~ 50,48%,-
54,亚克力浴缸家用,20 ~ 50,85%,-
55,免安装浴缸,20 ~ 50,44%,-
56,小浴缸家用,20 ~ 50,24%,-
57,成品浴缸,20 ~ 50,39%,-
58,法恩莎浴缸,20 ~ 50,170%,-
59,浴缸陶瓷,20 ~ 50,50%,-
60,透明浴缸,20 ~ 50,70%,5% ~ 7.5%
61,恒温浴缸,20 ~ 50,48%,-
62,果敢浴缸,20 ~ 50,82%,-
63,浴缸淋浴二合一,20 ~ 50,47%,-
64,浴缸智能恒温加热,20 ~ 50,59%,10% ~ 15%
65,迷你浴缸小户型,20 ~ 50,54%,-
66,小户型深泡浴缸,20 ~ 50,73%,-
67,卡德维浴缸,20 ~ 50,149%,-
68,法式浴缸,20 ~ 50,106%,5% ~ 7.5%
69,浴盆小户型,20 ~ 50,45%,-
70,浴缸双人,20 ~ 50,39%,-
71,日本浴缸,20 ~ 50,42%,-
72,内嵌式浴缸,20 ~ 50,85%,-
73,东鹏浴缸,20 ~ 50,362%,-
74,家用小户型浴缸,20 ~ 50,109%,-
75,日式深泡浴缸,20 ~ 50,70%,-
76,浴缸小户型深泡,20 ~ 50,48%,-
77,独立式浴缸,0 ~ 20,51%,-
78,泡澡缸,0 ~ 20,62%,10% ~ 15%
79,浴缸科勒,0 ~ 20,133%,10% ~ 15%
80,家用洗澡浴缸,0 ~ 20,42%,10% ~ 15%
81,三角形浴缸,0 ~ 20,50%,7.5% ~ 10%
82,开门浴缸,0 ~ 20,30%,-
83,复古浴缸,0 ~ 20,55%,-
84,单人浴缸,0 ~ 20,90%,-
85,坐浴缸,0 ~ 20,124%,-
86,大理石浴缸,0 ~ 20,163%,-
87,pmma人造石浴缸,0 ~ 20,77%,-
88,独立小浴缸,0 ~ 20,34%,-
89,日丰浴缸,0 ~ 20,102%,-
90,科勒深泡浴缸,0 ~ 20,53%,-
91,椭圆形浴缸,0 ~ 20,60%,-
92,泡澡浴缸成人家用,0 ~ 20,145%,-
93,浴缸 嵌入式,0 ~ 20,78%,-
94,老人小浴缸,0 ~ 20,72%,-
95,法式复古浴缸,0 ~ 20,55%,-
96,陶瓷浴缸家用,0 ~ 20,60%,-
97,正方形浴缸,0 ~ 20,57%,-
98,日式深泡小浴缸,0 ~ 20,24%,-
99,树脂浴缸,0 ~ 20,106%,-
100,碧澜浴缸,0 ~ 20,155%,-
101,三角浴缸,0 ~ 20,92%,-
102,1.2米浴缸,0 ~ 20,45%,-
103,坐浴浴缸,0 ~ 20,9%,-
104,内嵌浴缸,0 ~ 20,52%,-
105,家用大浴缸,0 ~ 20,37%,-
106,按摩浴缸家用,0 ~ 20,54%,-
107,新款浴缸,0 ~ 20,41%,10% ~ 15%
108,家用泡澡浴缸,0 ~ 20,60%,-
109,坐式深泡浴缸,0 ~ 20,99%,-
110,唯宝浴缸,0 ~ 20,89%,-
111,不锈钢浴缸,0 ~ 20,69%,-
112,特拉维尔,0 ~ 20,159%,-
113,迷你小浴缸,0 ~ 20,35%,-
114,洞石浴缸,0 ~ 20,128%,-
115,老人助浴分体式浴缸,0 ~ 20,44%,-
116,老人步入式浴缸,0 ~ 20,56%,-
117,浴缸 椭圆形,0 ~ 20,118%,-
118,贵妃浴缸,0 ~ 20,153%,7.5% ~ 10%
119,玻璃浴缸,0 ~ 20,50%,-
120,浴缸内嵌式,0 ~ 20,19%,-
121,浴盆陶瓷,0 ~ 20,34%,-
122,toto铸铁浴缸,0 ~ 20,44%,-
123,antoniolupi,0 ~ 20,49%,-
124,家庭泡澡浴缸,0 ~ 20,22%,-
125,小户型浴盆,0 ~ 20,46%,25% ~ 30%
126,搪瓷浴缸,0 ~ 20,79%,-
127,toto独立式浴缸,0 ~ 20,49%,-
128,浴缸国家补贴小户型,0 ~ 20,66%,-
129,浴缸按摩,0 ~ 20,62%,-
130,浴缸尺寸,0 ~ 20,116%,-
131,杜拉维特浴缸,0 ~ 20,63%,-
132,深泡浴缸小户型,0 ~ 20,92%,-
133,箭牌卫浴浴缸,0 ~ 20,41%,-
134,米希尔浴缸,0 ~ 20,164%,-
135,浴缸圆形,0 ~ 20,47%,-
136,浴缸方形,0 ~ 20,257%,10% ~ 15%
137,浴缸 蛋形,0 ~ 20,97%,-
138,老人专用浴缸,0 ~ 20,96%,-
139,酒店浴缸,0 ~ 20,52%,-
140,浴缸小户型可移动,0 ~ 20,138%,-
141,移动小浴缸,0 ~ 20,197%,-
142,浴缸九牧,0 ~ 20,84%,-
143,淋浴房浴缸一体式家用,0 ~ 20,38%,-
144,浴缸小尺寸,0 ~ 20,157%,-
145,浴缸箭牌,0 ~ 20,100%,-
146,日式小户型浴缸,0 ~ 20,148%,-
147,惠达浴缸,0 ~ 20,157%,-
148,无障碍浴缸,0 ~ 20,19%,-
149,toto小浴缸,0 ~ 20,40%,-
150,toto日式浴缸,0 ~ 20,30%,-
151,九牧卫浴浴缸,0 ~ 20,36%,-
152,三角扇形浴缸,0 ~ 20,12%,-
153,亚克力浴缸小户型,0 ~ 20,61%,-
154,九牧官方旗舰店浴缸,0 ~ 20,71%,-
155,1.5米浴缸,0 ~ 20,40%,-
156,家庭用浴缸,0 ~ 20,54%,15% ~ 20%
157,冲浪浴缸,0 ~ 20,35%,-
158,卡德维,0 ~ 20,58%,-
159,全瓷浴缸,0 ~ 20,49%,-
160,小型浴缸家用,0 ~ 20,58%,-
161,1.3米浴缸,0 ~ 20,25%,-
162,亚克力独立式浴缸,0 ~ 20,64%,-
163,toto卫浴浴缸,0 ~ 20,54%,-
164,不锈钢浴盆,0 ~ 20,104%,15% ~ 20%
165,浴缸小,0 ~ 20,87%,-
166,科勒铸铁浴缸,0 ~ 20,122%,-
167,浴缸家用圆形,0 ~ 20,104%,-
168,浴缸日式,0 ~ 20,44%,-
169,洗浴池,0 ~ 20,17%,-
170,浴缸150cm,0 ~ 20,227%,15% ~ 20%
171,铸铁搪瓷浴缸,0 ~ 20,62%,-
172,长方形浴缸,0 ~ 20,54%,-
173,浴缸家用1米5,0 ~ 20,34%,-
174,浴缸小型,0 ~ 20,57%,-
175,洗浴浴缸,0 ~ 20,45%,30% ~ 35%
176,步入式无障碍浴缸,0 ~ 20,17%,-
177,深泡式浴缸,0 ~ 20,125%,-
178,方形浴缸家用,0 ~ 20,56%,-
179,日式深泡坐式小浴缸,0 ~ 20,120%,-
180,一米浴缸,0 ~ 20,85%,-
181,亚克力浴盆,0 ~ 20,35%,-
182,1米小浴缸,0 ~ 20,43%,-
183,1米浴缸,0 ~ 20,72%,-
184,1.2浴缸,0 ~ 20,80%,-
185,小户型日式深泡浴缸,0 ~ 20,15%,-
186,尺寸定制浴缸,0 ~ 20,31%,-
187,嵌入式浴缸家用,0 ~ 20,35%,-
188,小户型用浴缸,0 ~ 20,72%,20% ~ 25%
189,小户型泡浴缸,0 ~ 20,86%,20% ~ 25%
190,亚克力浴缸一体成型,0 ~ 20,31%,-
191,九牧亚克力浴缸,0 ~ 20,69%,-
192,日式浴缸小户型,0 ~ 20,27%,-
193,扇形转角浴缸,0 ~ 20,264%,-
194,日式迷你小浴缸,0 ~ 20,26%,-
195,水疗浴缸,0 ~ 20,41%,50% ~ 55%
196,浴缸家用小户型免安装,0 ~ 20,150%,-
197,浴缸1米3,0 ~ 20,58%,-
198,浴缸铸铁,0 ~ 20,55%,-
199,浴缸恒温,0 ~ 20,70%,-
200,转角浴缸,0 ~ 20,30%,-
201,靠墙浴缸,0 ~ 20,123%,20% ~ 25%
202,陶瓷浴盆,0 ~ 20,89%,-
203,超矮浴缸,0 ~ 20,43%,-
204,超小浴缸,0 ~ 20,32%,-
205,深泡池,0 ~ 20,113%,-
206,适老化浴缸,0 ~ 20,27%,-
207,浴缸浪鲸,0 ~ 20,38%,-
208,浴缸美容院,0 ~ 20,70%,-
209,老年浴缸,0 ~ 20,36%,-
210,欧式浴缸,0 ~ 20,80%,-
211,浴缸官方旗舰店,0 ~ 20,34%,-
212,砌筑浴缸,0 ~ 20,19%,-
213,科勒官方旗舰店浴缸,0 ~ 20,32%,-
214,科勒小浴缸,0 ~ 20,27%,-
215,科勒玲纳深泡浴缸,0 ~ 20,94%,-
216,椭圆浴缸,0 ~ 20,61%,-
217,浪鲸浴缸官方旗舰店,0 ~ 20,55%,-
218,浴缸恒洁,0 ~ 20,50%,-
219,独立式亚克力浴缸,0 ~ 20,162%,25% ~ 30%
220,浴缸复古,0 ~ 20,43%,-
221,亚克力泡澡浴缸,0 ~ 20,56%,-
222,ssww浪鲸浴缸,0 ~ 20,55%,-
223,九牧陶瓷浴缸,0 ~ 20,83%,-
224,一体式浴缸,0 ~ 20,50%,-
225,ka浴缸,0 ~ 20,43%,-
226,一米小浴缸,0 ~ 20,62%,-
227,亚克力透明浴缸,0 ~ 20,19%,-
228,一体双人浴缸,0 ~ 20,21%,-
229,乐溢,0 ~ 20,221%,-
230,乐溢浴缸,0 ~ 20,261%,-
231,1.4米浴缸,0 ~ 20,117%,-
232,安华浴缸,0 ~ 20,111%,20% ~ 25%
233,小尺寸浴缸,0 ~ 20,20%,-
234,彩色浴缸,0 ~ 20,36%,-
235,弧形浴缸,0 ~ 20,14%,-
236,十大名牌陶瓷浴缸,0 ~ 20,71%,-
237,吊床式浴缸,0 ~ 20,54%,-
238,卫生间浴缸,0 ~ 20,28%,-
239,坐泡式浴缸,0 ~ 20,109%,-
240,墙出水浴缸龙头,0 ~ 20,59%,-
241,可移动浴缸家用,0 ~ 20,49%,-
242,免安装小浴缸,0 ~ 20,108%,-
243,摩恩浴缸,0 ~ 20,24%,-
244,布艺浴缸,0 ~ 20,36%,-
245,圆浴缸,0 ~ 20,45%,-
246,小型迷你浴缸,0 ~ 20,9%,-
247,圆浴缸家用,0 ~ 20,24%,-
248,arrow浴缸,0 ~ 20,9%,-
249,亚克力浴缸定制,0 ~ 20,112%,-
250,mini浴缸,0 ~ 20,34%,-
251,浴缸1米2,0 ~ 20,48%,-
252,浴盆缸,0 ~ 20,8%,-
253,浴缸家用免安装,0 ~ 20,62%,-
254,悬浮浴缸,0 ~ 20,67%,-
255,箭牌亚克力浴缸,0 ~ 20,106%,50% ~ 55%
256,浴缸超大,0 ~ 20,30%,-
257,浴缸按摩冲浪,0 ~ 20,31%,-
258,浴缸高级感,0 ~ 20,78%,-
259,浴缸陶瓷一体长方形,0 ~ 20,25%,-
260,镶嵌式浴缸,0 ~ 20,50%,-
261,铸铁浴缸独立式,0 ~ 20,67%,-
262,海浪浴缸,0 ~ 20,242%,-
263,深泡小浴缸,0 ~ 20,23%,-
264,薄边浴缸,0 ~ 20,71%,-
265,鹅蛋浴缸,0 ~ 20,236%,-
266,鹅蛋形浴缸,0 ~ 20,104%,-
267,落地浴缸,0 ~ 20,41%,-
